User_Name,First_Name,Last_Name,email,Passworddrajagopal,Divya,Rajagopal,drajagopal@scu.edu,abc@123rdeshpande,Rucha,Deshpande,rdeshpande@scu.edu,qwe@123vramu,Vidhyasree,Ramu,vramu@scu.edu,asd@123mchintalapati,Meghna,chintalapati,mchintalapati@scu.edu,xyz@123nkurian,Nora,Kurian,nkurian@scu.edu,zxc@123
